areaType,areaName,areaCode,date,newCasesBySpecimenDate,cumCasesBySpecimenDate
nation,England,E92000001,2020-10-22,226,704443
nation,England,E92000001,2020-10-21,7870,704217
nation,England,E92000001,2020-10-20,18452,696347
nation,England,E92000001,2020-10-19,21416,677895
nation,England,E92000001,2020-10-18,11740,656479
nation,England,E92000001,2020-10-17,12248,644739
nation,England,E92000001,2020-10-16,14473,632491
nation,England,E92000001,2020-10-15,15163,618018
nation,England,E92000001,2020-10-14,16417,602855
nation,England,E92000001,2020-10-13,15402,586438
nation,England,E92000001,2020-10-12,16162,571036
nation,England,E92000001,2020-10-11,9603,554874
nation,England,E92000001,2020-10-10,10145,545271
nation,England,E92000001,2020-10-09,12996,535126
nation,England,E92000001,2020-10-08,15245,522130
nation,England,E92000001,2020-10-07,15177,506885
nation,England,E92000001,2020-10-06,14288,491708
nation,England,E92000001,2020-10-05,14019,477420
nation,England,E92000001,2020-10-04,9805,463401
nation,England,E92000001,2020-10-03,9694,453596
nation,England,E92000001,2020-10-02,11550,443902
nation,England,E92000001,2020-10-01,11293,432352
nation,England,E92000001,2020-09-30,10507,421059
nation,England,E92000001,2020-09-29,8720,410552
nation,England,E92000001,2020-09-28,8569,401832
nation,England,E92000001,2020-09-27,6025,393263
nation,England,E92000001,2020-09-26,5644,387238
nation,England,E92000001,2020-09-25,6043,381594
nation,England,E92000001,2020-09-24,6297,375551
nation,England,E92000001,2020-09-23,5886,369254
nation,England,E92000001,2020-09-22,5370,363368
nation,England,E92000001,2020-09-21,4693,357998
nation,England,E92000001,2020-09-20,4620,353305
nation,England,E92000001,2020-09-19,4183,348685
nation,England,E92000001,2020-09-18,4278,344502
nation,England,E92000001,2020-09-17,3940,340224
nation,England,E92000001,2020-09-16,3743,336284
nation,England,E92000001,2020-09-15,3048,332541
nation,England,E92000001,2020-09-14,2895,329493
nation,England,E92000001,2020-09-13,1711,326598
nation,England,E92000001,2020-09-12,2210,324887
nation,England,E92000001,2020-09-11,2857,322677
nation,England,E92000001,2020-09-10,3101,319820
nation,England,E92000001,2020-09-09,2851,316719
nation,England,E92000001,2020-09-08,3001,313868
nation,England,E92000001,2020-09-07,3464,310867
nation,England,E92000001,2020-09-06,2055,307403
nation,England,E92000001,2020-09-05,2190,305348
nation,England,E92000001,2020-09-04,2587,303158
nation,England,E92000001,2020-09-03,2667,300571
nation,England,E92000001,2020-09-02,2618,297904
nation,England,E92000001,2020-09-01,1930,295286
nation,England,E92000001,2020-08-31,1259,293356
nation,England,E92000001,2020-08-30,980,292097
nation,England,E92000001,2020-08-29,1046,291117
nation,England,E92000001,2020-08-28,1389,290071
nation,England,E92000001,2020-08-27,1337,288682
nation,England,E92000001,2020-08-26,1141,287345
nation,England,E92000001,2020-08-25,1059,286204
nation,England,E92000001,2020-08-24,1083,285145
nation,England,E92000001,2020-08-23,693,284062
nation,England,E92000001,2020-08-22,716,283369
nation,England,E92000001,2020-08-21,1004,282653
nation,England,E92000001,2020-08-20,1220,281649
nation,England,E92000001,2020-08-19,1071,280429
nation,England,E92000001,2020-08-18,925,279358
nation,England,E92000001,2020-08-17,1137,278433
nation,England,E92000001,2020-08-16,527,277296
nation,England,E92000001,2020-08-15,646,276769
nation,England,E92000001,2020-08-14,1045,276123
nation,England,E92000001,2020-08-13,1018,275078
nation,England,E92000001,2020-08-12,1092,274060
nation,England,E92000001,2020-08-11,1212,272968
nation,England,E92000001,2020-08-10,1353,271756
nation,England,E92000001,2020-08-09,557,270403
nation,England,E92000001,2020-08-08,635,269846
nation,England,E92000001,2020-08-07,864,269211
nation,England,E92000001,2020-08-06,978,268347
nation,England,E92000001,2020-08-05,943,267369
nation,England,E92000001,2020-08-04,921,266426
nation,England,E92000001,2020-08-03,939,265505
nation,England,E92000001,2020-08-02,513,264566
nation,England,E92000001,2020-08-01,494,264053
nation,England,E92000001,2020-07-31,624,263559
nation,England,E92000001,2020-07-30,855,262935
nation,England,E92000001,2020-07-29,974,262080
nation,England,E92000001,2020-07-28,782,261106
nation,England,E92000001,2020-07-27,810,260324
nation,England,E92000001,2020-07-26,514,259514
nation,England,E92000001,2020-07-25,492,259000
nation,England,E92000001,2020-07-24,714,258508
nation,England,E92000001,2020-07-23,734,257794
nation,England,E92000001,2020-07-22,749,257060
nation,England,E92000001,2020-07-21,691,256311
nation,England,E92000001,2020-07-20,753,255620
nation,England,E92000001,2020-07-19,413,254867
nation,England,E92000001,2020-07-18,466,254454
nation,England,E92000001,2020-07-17,548,253988
nation,England,E92000001,2020-07-16,640,253440
nation,England,E92000001,2020-07-15,725,252800
nation,England,E92000001,2020-07-14,650,252075
nation,England,E92000001,2020-07-13,689,251425
nation,England,E92000001,2020-07-12,351,250736
nation,England,E92000001,2020-07-11,422,250385
nation,England,E92000001,2020-07-10,520,249963
nation,England,E92000001,2020-07-09,681,249443
nation,England,E92000001,2020-07-08,671,248762
nation,England,E92000001,2020-07-07,558,248091
nation,England,E92000001,2020-07-06,656,247533
nation,England,E92000001,2020-07-05,540,246877
nation,England,E92000001,2020-07-04,383,246337
nation,England,E92000001,2020-07-03,539,245954
nation,England,E92000001,2020-07-02,560,245415
nation,England,E92000001,2020-07-01,608,244855
nation,England,E92000001,2020-06-30,570,244247
nation,England,E92000001,2020-06-29,667,243677
nation,England,E92000001,2020-06-28,411,243010
nation,England,E92000001,2020-06-27,503,242599
nation,England,E92000001,2020-06-26,644,242096
nation,England,E92000001,2020-06-25,636,241452
nation,England,E92000001,2020-06-24,729,240816
nation,England,E92000001,2020-06-23,730,240087
nation,England,E92000001,2020-06-22,815,239357
nation,England,E92000001,2020-06-21,552,238542
nation,England,E92000001,2020-06-20,629,237990
nation,England,E92000001,2020-06-19,812,237361
nation,England,E92000001,2020-06-18,944,236549
nation,England,E92000001,2020-06-17,913,235605
nation,England,E92000001,2020-06-16,991,234692
nation,England,E92000001,2020-06-15,938,233701
nation,England,E92000001,2020-06-14,745,232763
nation,England,E92000001,2020-06-13,788,232018
nation,England,E92000001,2020-06-12,933,231230
nation,England,E92000001,2020-06-11,915,230297
nation,England,E92000001,2020-06-10,1082,229382
nation,England,E92000001,2020-06-09,1058,228300
nation,England,E92000001,2020-06-08,988,227242
nation,England,E92000001,2020-06-07,665,226254
nation,England,E92000001,2020-06-06,722,225589
nation,England,E92000001,2020-06-05,1019,224867
nation,England,E92000001,2020-06-04,1143,223848
nation,England,E92000001,2020-06-03,1241,222705
nation,England,E92000001,2020-06-02,1353,221464
nation,England,E92000001,2020-06-01,1315,220111
nation,England,E92000001,2020-05-31,984,218796
nation,England,E92000001,2020-05-30,999,217812
nation,England,E92000001,2020-05-29,1368,216813
nation,England,E92000001,2020-05-28,1570,215445
nation,England,E92000001,2020-05-27,1612,213875
nation,England,E92000001,2020-05-26,1458,212263
nation,England,E92000001,2020-05-25,1377,210805
nation,England,E92000001,2020-05-24,1198,209428
nation,England,E92000001,2020-05-23,1300,208230
nation,England,E92000001,2020-05-22,1796,206930
nation,England,E92000001,2020-05-21,2273,205134
nation,England,E92000001,2020-05-20,2353,202861
nation,England,E92000001,2020-05-19,2585,200508
nation,England,E92000001,2020-05-18,2216,197923
nation,England,E92000001,2020-05-17,1589,195707
nation,England,E92000001,2020-05-16,1769,194118
nation,England,E92000001,2020-05-15,2131,192349
nation,England,E92000001,2020-05-14,2212,190218
nation,England,E92000001,2020-05-13,2881,188006
nation,England,E92000001,2020-05-12,2927,185125
nation,England,E92000001,2020-05-11,3068,182198
nation,England,E92000001,2020-05-10,2006,179130
nation,England,E92000001,2020-05-09,1792,177124
nation,England,E92000001,2020-05-08,2617,175332
nation,England,E92000001,2020-05-07,3202,172715
nation,England,E92000001,2020-05-06,3267,169513
nation,England,E92000001,2020-05-05,3145,166246
nation,England,E92000001,2020-05-04,2836,163101
nation,England,E92000001,2020-05-03,2629,160265
nation,England,E92000001,2020-05-02,2748,157636
nation,England,E92000001,2020-05-01,4091,154888
nation,England,E92000001,2020-04-30,4315,150797
nation,England,E92000001,2020-04-29,4738,146482
nation,England,E92000001,2020-04-28,4124,141744
nation,England,E92000001,2020-04-27,4031,137620
nation,England,E92000001,2020-04-26,3135,133589
nation,England,E92000001,2020-04-25,3377,130454
nation,England,E92000001,2020-04-24,4363,127077
nation,England,E92000001,2020-04-23,4563,122714
nation,England,E92000001,2020-04-22,4795,118151
nation,England,E92000001,2020-04-21,3973,113356
nation,England,E92000001,2020-04-20,3692,109383
nation,England,E92000001,2020-04-19,3470,105691
nation,England,E92000001,2020-04-18,4115,102221
nation,England,E92000001,2020-04-17,4079,98106
nation,England,E92000001,2020-04-16,4359,94027
nation,England,E92000001,2020-04-15,4233,89668
nation,England,E92000001,2020-04-14,3563,85435
nation,England,E92000001,2020-04-13,3447,81872
nation,England,E92000001,2020-04-12,2946,78425
nation,England,E92000001,2020-04-11,3083,75479
nation,England,E92000001,2020-04-10,3584,72396
nation,England,E92000001,2020-04-09,4058,68812
nation,England,E92000001,2020-04-08,4297,64754
nation,England,E92000001,2020-04-07,4582,60457
nation,England,E92000001,2020-04-06,4385,55875
nation,England,E92000001,2020-04-05,3085,51490
nation,England,E92000001,2020-04-04,3384,48405
nation,England,E92000001,2020-04-03,4106,45021
nation,England,E92000001,2020-04-02,4066,40915
nation,England,E92000001,2020-04-01,4100,36849
nation,England,E92000001,2020-03-31,3786,32749
nation,England,E92000001,2020-03-30,3523,28963
nation,England,E92000001,2020-03-29,2439,25440
nation,England,E92000001,2020-03-28,2375,23001
nation,England,E92000001,2020-03-27,2659,20626
nation,England,E92000001,2020-03-26,2615,17967
nation,England,E92000001,2020-03-25,2266,15352
nation,England,E92000001,2020-03-24,2026,13086
nation,England,E92000001,2020-03-23,2017,11060
nation,England,E92000001,2020-03-22,1209,9043
nation,England,E92000001,2020-03-21,1034,7834
nation,England,E92000001,2020-03-20,1082,6800
nation,England,E92000001,2020-03-19,930,5718
nation,England,E92000001,2020-03-18,909,4788
nation,England,E92000001,2020-03-17,679,3879
nation,England,E92000001,2020-03-16,547,3200
nation,England,E92000001,2020-03-15,398,2653
nation,England,E92000001,2020-03-14,314,2255
nation,England,E92000001,2020-03-13,393,1941
nation,England,E92000001,2020-03-12,415,1548
nation,England,E92000001,2020-03-11,353,1133
nation,England,E92000001,2020-03-10,226,780
nation,England,E92000001,2020-03-09,124,554
nation,England,E92000001,2020-03-08,50,430
nation,England,E92000001,2020-03-07,54,380
nation,England,E92000001,2020-03-06,73,326
nation,England,E92000001,2020-03-05,47,253
nation,England,E92000001,2020-03-04,49,206
nation,England,E92000001,2020-03-03,53,157
nation,England,E92000001,2020-03-02,39,104
nation,England,E92000001,2020-03-01,20,65
nation,England,E92000001,2020-02-29,5,45
nation,England,E92000001,2020-02-28,11,40
nation,England,E92000001,2020-02-27,7,29
nation,England,E92000001,2020-02-26,4,22
nation,England,E92000001,2020-02-25,5,18
nation,England,E92000001,2020-02-24,2,13
nation,England,E92000001,2020-02-23,1,11
nation,England,E92000001,2020-02-22,0,10
nation,England,E92000001,2020-02-21,1,10
nation,England,E92000001,2020-02-20,0,9
nation,England,E92000001,2020-02-19,0,9
nation,England,E92000001,2020-02-18,0,9
nation,England,E92000001,2020-02-17,0,9
nation,England,E92000001,2020-02-16,0,9
nation,England,E92000001,2020-02-15,0,9
nation,England,E92000001,2020-02-14,0,9
nation,England,E92000001,2020-02-13,0,9
nation,England,E92000001,2020-02-12,0,9
nation,England,E92000001,2020-02-11,1,9
nation,England,E92000001,2020-02-10,0,8
nation,England,E92000001,2020-02-09,1,8
nation,England,E92000001,2020-02-08,4,7
nation,England,E92000001,2020-02-07,0,3
nation,England,E92000001,2020-02-06,0,3
nation,England,E92000001,2020-02-05,1,3
nation,England,E92000001,2020-02-04,0,2
nation,England,E92000001,2020-02-03,0,2
nation,England,E92000001,2020-02-02,0,2
nation,England,E92000001,2020-02-01,0,2
nation,England,E92000001,2020-01-31,0,2
nation,England,E92000001,2020-01-30,2,2
nation,Northern Ireland,N92000002,2020-10-22,841,32286
nation,Northern Ireland,N92000002,2020-10-21,1135,31445
nation,Northern Ireland,N92000002,2020-10-20,1108,30310
nation,Northern Ireland,N92000002,2020-10-19,1093,29202
nation,Northern Ireland,N92000002,2020-10-18,828,28109
nation,Northern Ireland,N92000002,2020-10-17,875,27281
nation,Northern Ireland,N92000002,2020-10-16,1013,26406
nation,Northern Ireland,N92000002,2020-10-15,1151,25393
nation,Northern Ireland,N92000002,2020-10-14,1100,24242
nation,Northern Ireland,N92000002,2020-10-13,1123,23142
nation,Northern Ireland,N92000002,2020-10-12,1133,22019
nation,Northern Ireland,N92000002,2020-10-11,853,20886
nation,Northern Ireland,N92000002,2020-10-10,814,20033
nation,Northern Ireland,N92000002,2020-10-09,864,19219
nation,Northern Ireland,N92000002,2020-10-08,997,18355
nation,Northern Ireland,N92000002,2020-10-07,1048,17358
nation,Northern Ireland,N92000002,2020-10-06,812,16310
nation,Northern Ireland,N92000002,2020-10-05,718,15498
nation,Northern Ireland,N92000002,2020-10-04,618,14780
nation,Northern Ireland,N92000002,2020-10-03,630,14162
nation,Northern Ireland,N92000002,2020-10-02,706,13532
nation,Northern Ireland,N92000002,2020-10-01,487,12826
nation,Northern Ireland,N92000002,2020-09-30,645,12339
nation,Northern Ireland,N92000002,2020-09-29,397,11694
nation,Northern Ireland,N92000002,2020-09-28,301,11297
nation,Northern Ireland,N92000002,2020-09-27,273,10996
nation,Northern Ireland,N92000002,2020-09-26,270,10723
nation,Northern Ireland,N92000002,2020-09-25,245,10453
nation,Northern Ireland,N92000002,2020-09-24,286,10208
nation,Northern Ireland,N92000002,2020-09-23,222,9922
nation,Northern Ireland,N92000002,2020-09-22,172,9700
nation,Northern Ireland,N92000002,2020-09-21,135,9528
nation,Northern Ireland,N92000002,2020-09-20,124,9393
nation,Northern Ireland,N92000002,2020-09-19,161,9269
nation,Northern Ireland,N92000002,2020-09-18,168,9108
nation,Northern Ireland,N92000002,2020-09-17,170,8940
nation,Northern Ireland,N92000002,2020-09-16,138,8770
nation,Northern Ireland,N92000002,2020-09-15,108,8632
nation,Northern Ireland,N92000002,2020-09-14,120,8524
nation,Northern Ireland,N92000002,2020-09-13,91,8404
nation,Northern Ireland,N92000002,2020-09-12,107,8313
nation,Northern Ireland,N92000002,2020-09-11,73,8206
nation,Northern Ireland,N92000002,2020-09-10,79,8133
nation,Northern Ireland,N92000002,2020-09-09,98,8054
nation,Northern Ireland,N92000002,2020-09-08,56,7956
nation,Northern Ireland,N92000002,2020-09-07,72,7900
nation,Northern Ireland,N92000002,2020-09-06,106,7828
nation,Northern Ireland,N92000002,2020-09-05,91,7722
nation,Northern Ireland,N92000002,2020-09-04,131,7631
nation,Northern Ireland,N92000002,2020-09-03,108,7500
nation,Northern Ireland,N92000002,2020-09-02,91,7392
nation,Northern Ireland,N92000002,2020-09-01,65,7301
nation,Northern Ireland,N92000002,2020-08-31,54,7236
nation,Northern Ireland,N92000002,2020-08-30,35,7182
nation,Northern Ireland,N92000002,2020-08-29,44,7147
nation,Northern Ireland,N92000002,2020-08-28,87,7103
nation,Northern Ireland,N92000002,2020-08-27,79,7016
nation,Northern Ireland,N92000002,2020-08-26,70,6937
nation,Northern Ireland,N92000002,2020-08-25,65,6867
nation,Northern Ireland,N92000002,2020-08-24,45,6802
nation,Northern Ireland,N92000002,2020-08-23,52,6757
nation,Northern Ireland,N92000002,2020-08-22,42,6705
nation,Northern Ireland,N92000002,2020-08-21,80,6663
nation,Northern Ireland,N92000002,2020-08-20,72,6583
nation,Northern Ireland,N92000002,2020-08-19,41,6511
nation,Northern Ireland,N92000002,2020-08-18,43,6470
nation,Northern Ireland,N92000002,2020-08-17,53,6427
nation,Northern Ireland,N92000002,2020-08-16,20,6374
nation,Northern Ireland,N92000002,2020-08-15,22,6354
nation,Northern Ireland,N92000002,2020-08-14,57,6332
nation,Northern Ireland,N92000002,2020-08-13,51,6275
nation,Northern Ireland,N92000002,2020-08-12,40,6224
nation,Northern Ireland,N92000002,2020-08-11,38,6184
nation,Northern Ireland,N92000002,2020-08-10,44,6146
nation,Northern Ireland,N92000002,2020-08-09,25,6102
nation,Northern Ireland,N92000002,2020-08-08,28,6077
nation,Northern Ireland,N92000002,2020-08-07,17,6049
nation,Northern Ireland,N92000002,2020-08-06,18,6032
nation,Northern Ireland,N92000002,2020-08-05,29,6014
nation,Northern Ireland,N92000002,2020-08-04,19,5985
nation,Northern Ireland,N92000002,2020-08-03,18,5966
nation,Northern Ireland,N92000002,2020-08-02,9,5948
nation,Northern Ireland,N92000002,2020-08-01,10,5939
nation,Northern Ireland,N92000002,2020-07-31,13,5929
nation,Northern Ireland,N92000002,2020-07-30,11,5916
nation,Northern Ireland,N92000002,2020-07-29,11,5905
nation,Northern Ireland,N92000002,2020-07-28,13,5894
nation,Northern Ireland,N92000002,2020-07-27,12,5881
nation,Northern Ireland,N92000002,2020-07-26,1,5869
nation,Northern Ireland,N92000002,2020-07-25,4,5868
nation,Northern Ireland,N92000002,2020-07-24,14,5864
nation,Northern Ireland,N92000002,2020-07-23,12,5850
nation,Northern Ireland,N92000002,2020-07-22,8,5838
nation,Northern Ireland,N92000002,2020-07-21,12,5830
nation,Northern Ireland,N92000002,2020-07-20,3,5818
nation,Northern Ireland,N92000002,2020-07-19,3,5815
nation,Northern Ireland,N92000002,2020-07-18,7,5812
nation,Northern Ireland,N92000002,2020-07-17,9,5805
nation,Northern Ireland,N92000002,2020-07-16,19,5796
nation,Northern Ireland,N92000002,2020-07-15,15,5777
nation,Northern Ireland,N92000002,2020-07-14,7,5762
nation,Northern Ireland,N92000002,2020-07-13,3,5755
nation,Northern Ireland,N92000002,2020-07-12,4,5752
nation,Northern Ireland,N92000002,2020-07-11,6,5748
nation,Northern Ireland,N92000002,2020-07-10,4,5742
nation,Northern Ireland,N92000002,2020-07-09,5,5738
nation,Northern Ireland,N92000002,2020-07-08,6,5733
nation,Northern Ireland,N92000002,2020-07-07,5,5727
nation,Northern Ireland,N92000002,2020-07-06,8,5722
nation,Northern Ireland,N92000002,2020-07-05,2,5714
nation,Northern Ireland,N92000002,2020-07-04,1,5712
nation,Northern Ireland,N92000002,2020-07-03,8,5711
nation,Northern Ireland,N92000002,2020-07-02,3,5703
nation,Northern Ireland,N92000002,2020-07-01,4,5700
nation,Northern Ireland,N92000002,2020-06-30,2,5696
nation,Northern Ireland,N92000002,2020-06-29,4,5694
nation,Northern Ireland,N92000002,2020-06-28,5,5690
nation,Northern Ireland,N92000002,2020-06-27,4,5685
nation,Northern Ireland,N92000002,2020-06-26,3,5681
nation,Northern Ireland,N92000002,2020-06-25,5,5678
nation,Northern Ireland,N92000002,2020-06-24,4,5673
nation,Northern Ireland,N92000002,2020-06-23,8,5669
nation,Northern Ireland,N92000002,2020-06-22,4,5661
nation,Northern Ireland,N92000002,2020-06-21,3,5657
nation,Northern Ireland,N92000002,2020-06-20,5,5654
nation,Northern Ireland,N92000002,2020-06-19,13,5649
nation,Northern Ireland,N92000002,2020-06-18,7,5636
nation,Northern Ireland,N92000002,2020-06-17,5,5629
nation,Northern Ireland,N92000002,2020-06-16,11,5624
nation,Northern Ireland,N92000002,2020-06-15,19,5613
nation,Northern Ireland,N92000002,2020-06-14,8,5594
nation,Northern Ireland,N92000002,2020-06-13,10,5586
nation,Northern Ireland,N92000002,2020-06-12,10,5576
nation,Northern Ireland,N92000002,2020-06-11,10,5566
nation,Northern Ireland,N92000002,2020-06-10,16,5556
nation,Northern Ireland,N92000002,2020-06-09,11,5540
nation,Northern Ireland,N92000002,2020-06-08,14,5529
nation,Northern Ireland,N92000002,2020-06-07,5,5515
nation,Northern Ireland,N92000002,2020-06-06,8,5510
nation,Northern Ireland,N92000002,2020-06-05,24,5502
nation,Northern Ireland,N92000002,2020-06-04,11,5478
nation,Northern Ireland,N92000002,2020-06-03,11,5467
nation,Northern Ireland,N92000002,2020-06-02,21,5456
nation,Northern Ireland,N92000002,2020-06-01,24,5435
nation,Northern Ireland,N92000002,2020-05-31,26,5411
nation,Northern Ireland,N92000002,2020-05-30,13,5385
nation,Northern Ireland,N92000002,2020-05-29,20,5372
nation,Northern Ireland,N92000002,2020-05-28,28,5352
nation,Northern Ireland,N92000002,2020-05-27,33,5324
nation,Northern Ireland,N92000002,2020-05-26,28,5291
nation,Northern Ireland,N92000002,2020-05-25,41,5263
nation,Northern Ireland,N92000002,2020-05-24,31,5222
nation,Northern Ireland,N92000002,2020-05-23,54,5191
nation,Northern Ireland,N92000002,2020-05-22,33,5137
nation,Northern Ireland,N92000002,2020-05-21,56,5104
nation,Northern Ireland,N92000002,2020-05-20,76,5048
nation,Northern Ireland,N92000002,2020-05-19,73,4972
nation,Northern Ireland,N92000002,2020-05-18,63,4899
nation,Northern Ireland,N92000002,2020-05-17,38,4836
nation,Northern Ireland,N92000002,2020-05-16,40,4798
nation,Northern Ireland,N92000002,2020-05-15,66,4758
nation,Northern Ireland,N92000002,2020-05-14,74,4692
nation,Northern Ireland,N92000002,2020-05-13,75,4618
nation,Northern Ireland,N92000002,2020-05-12,93,4543
nation,Northern Ireland,N92000002,2020-05-11,77,4450
nation,Northern Ireland,N92000002,2020-05-10,62,4373
nation,Northern Ireland,N92000002,2020-05-09,54,4311
nation,Northern Ireland,N92000002,2020-05-08,72,4257
nation,Northern Ireland,N92000002,2020-05-07,97,4185
nation,Northern Ireland,N92000002,2020-05-06,80,4088
nation,Northern Ireland,N92000002,2020-05-05,75,4008
nation,Northern Ireland,N92000002,2020-05-04,75,3933
nation,Northern Ireland,N92000002,2020-05-03,55,3858
nation,Northern Ireland,N92000002,2020-05-02,90,3803
nation,Northern Ireland,N92000002,2020-05-01,100,3713
nation,Northern Ireland,N92000002,2020-04-30,116,3613
nation,Northern Ireland,N92000002,2020-04-29,93,3497
nation,Northern Ireland,N92000002,2020-04-28,75,3404
nation,Northern Ireland,N92000002,2020-04-27,71,3329
nation,Northern Ireland,N92000002,2020-04-26,45,3258
nation,Northern Ireland,N92000002,2020-04-25,54,3213
nation,Northern Ireland,N92000002,2020-04-24,83,3159
nation,Northern Ireland,N92000002,2020-04-23,73,3076
nation,Northern Ireland,N92000002,2020-04-22,98,3003
nation,Northern Ireland,N92000002,2020-04-21,131,2905
nation,Northern Ireland,N92000002,2020-04-20,112,2774
nation,Northern Ireland,N92000002,2020-04-19,41,2662
nation,Northern Ireland,N92000002,2020-04-18,85,2621
nation,Northern Ireland,N92000002,2020-04-17,156,2536
nation,Northern Ireland,N92000002,2020-04-16,138,2380
nation,Northern Ireland,N92000002,2020-04-15,133,2242
nation,Northern Ireland,N92000002,2020-04-14,95,2109
nation,Northern Ireland,N92000002,2020-04-13,107,2014
nation,Northern Ireland,N92000002,2020-04-12,73,1907
nation,Northern Ireland,N92000002,2020-04-11,67,1834
nation,Northern Ireland,N92000002,2020-04-10,95,1767
nation,Northern Ireland,N92000002,2020-04-09,101,1672
nation,Northern Ireland,N92000002,2020-04-08,102,1571
nation,Northern Ireland,N92000002,2020-04-07,130,1469
nation,Northern Ireland,N92000002,2020-04-06,106,1339
nation,Northern Ireland,N92000002,2020-04-05,60,1233
nation,Northern Ireland,N92000002,2020-04-04,87,1173
nation,Northern Ireland,N92000002,2020-04-03,103,1086
nation,Northern Ireland,N92000002,2020-04-02,105,983
nation,Northern Ireland,N92000002,2020-04-01,103,878
nation,Northern Ireland,N92000002,2020-03-31,112,775
nation,Northern Ireland,N92000002,2020-03-30,84,663
nation,Northern Ireland,N92000002,2020-03-29,62,579
nation,Northern Ireland,N92000002,2020-03-28,76,517
nation,Northern Ireland,N92000002,2020-03-27,68,441
nation,Northern Ireland,N92000002,2020-03-26,76,373
nation,Northern Ireland,N92000002,2020-03-25,57,297
nation,Northern Ireland,N92000002,2020-03-24,41,240
nation,Northern Ireland,N92000002,2020-03-23,41,199
nation,Northern Ireland,N92000002,2020-03-22,18,158
nation,Northern Ireland,N92000002,2020-03-21,21,140
nation,Northern Ireland,N92000002,2020-03-20,17,119
nation,Northern Ireland,N92000002,2020-03-19,14,102
nation,Northern Ireland,N92000002,2020-03-18,13,88
nation,Northern Ireland,N92000002,2020-03-17,9,75
nation,Northern Ireland,N92000002,2020-03-16,8,66
nation,Northern Ireland,N92000002,2020-03-15,2,58
nation,Northern Ireland,N92000002,2020-03-14,10,56
nation,Northern Ireland,N92000002,2020-03-13,11,46
nation,Northern Ireland,N92000002,2020-03-12,4,35
nation,Northern Ireland,N92000002,2020-03-11,11,31
nation,Northern Ireland,N92000002,2020-03-10,5,20
nation,Northern Ireland,N92000002,2020-03-09,3,15
nation,Northern Ireland,N92000002,2020-03-08,3,12
nation,Northern Ireland,N92000002,2020-03-07,5,9
nation,Northern Ireland,N92000002,2020-03-06,2,4
nation,Northern Ireland,N92000002,2020-03-05,2,2
nation,Northern Ireland,N92000002,2020-03-04,0,0
nation,Northern Ireland,N92000002,2020-03-03,0,0
nation,Northern Ireland,N92000002,2020-03-02,0,0
nation,Northern Ireland,N92000002,2020-03-01,0,0
nation,Northern Ireland,N92000002,2020-02-29,0,0
nation,Northern Ireland,N92000002,2020-02-28,0,0
nation,Northern Ireland,N92000002,2020-02-27,0,0
nation,Northern Ireland,N92000002,2020-02-26,0,0
nation,Northern Ireland,N92000002,2020-02-25,0,0
nation,Northern Ireland,N92000002,2020-02-24,0,0
nation,Northern Ireland,N92000002,2020-02-23,0,0
nation,Northern Ireland,N92000002,2020-02-22,0,0
nation,Northern Ireland,N92000002,2020-02-21,0,0
nation,Northern Ireland,N92000002,2020-02-20,0,0
nation,Northern Ireland,N92000002,2020-02-19,0,0
nation,Northern Ireland,N92000002,2020-02-18,0,0
nation,Northern Ireland,N92000002,2020-02-17,0,0
nation,Northern Ireland,N92000002,2020-02-16,0,0
nation,Northern Ireland,N92000002,2020-02-15,0,0
nation,Northern Ireland,N92000002,2020-02-14,0,0
nation,Northern Ireland,N92000002,2020-02-13,0,0
nation,Northern Ireland,N92000002,2020-02-12,0,0
nation,Northern Ireland,N92000002,2020-02-11,0,0
nation,Northern Ireland,N92000002,2020-02-10,0,0
nation,Northern Ireland,N92000002,2020-02-09,0,0
nation,Northern Ireland,N92000002,2020-02-08,0,0
nation,Northern Ireland,N92000002,2020-02-07,0,0
nation,Northern Ireland,N92000002,2020-02-06,0,0
nation,Northern Ireland,N92000002,2020-02-05,0,0
nation,Northern Ireland,N92000002,2020-02-04,0,0
nation,Northern Ireland,N92000002,2020-02-03,0,0
nation,Scotland,S92000003,2020-10-22,252,54016
nation,Scotland,S92000003,2020-10-21,1256,53764
nation,Scotland,S92000003,2020-10-20,1503,52508
nation,Scotland,S92000003,2020-10-19,1322,51005
nation,Scotland,S92000003,2020-10-18,826,49683
nation,Scotland,S92000003,2020-10-17,860,48857
nation,Scotland,S92000003,2020-10-16,1250,47997
nation,Scotland,S92000003,2020-10-15,1287,46747
nation,Scotland,S92000003,2020-10-14,1290,45460
nation,Scotland,S92000003,2020-10-13,1422,44170
nation,Scotland,S92000003,2020-10-12,1361,42748
nation,Scotland,S92000003,2020-10-11,958,41387
nation,Scotland,S92000003,2020-10-10,942,40429
nation,Scotland,S92000003,2020-10-09,1096,39487
nation,Scotland,S92000003,2020-10-08,1171,38391
nation,Scotland,S92000003,2020-10-07,1250,37220
nation,Scotland,S92000003,2020-10-06,1192,35970
nation,Scotland,S92000003,2020-10-05,1100,34778
nation,Scotland,S92000003,2020-10-04,744,33678
nation,Scotland,S92000003,2020-10-03,701,32934
nation,Scotland,S92000003,2020-10-02,819,32233
nation,Scotland,S92000003,2020-10-01,777,31414
nation,Scotland,S92000003,2020-09-30,793,30637
nation,Scotland,S92000003,2020-09-29,661,29844
nation,Scotland,S92000003,2020-09-28,626,29183
nation,Scotland,S92000003,2020-09-27,359,28557
nation,Scotland,S92000003,2020-09-26,436,28198
nation,Scotland,S92000003,2020-09-25,577,27762
nation,Scotland,S92000003,2020-09-24,716,27185
nation,Scotland,S92000003,2020-09-23,572,26469
nation,Scotland,S92000003,2020-09-22,497,25897
nation,Scotland,S92000003,2020-09-21,454,25400
nation,Scotland,S92000003,2020-09-20,320,24946
nation,Scotland,S92000003,2020-09-19,236,24626
nation,Scotland,S92000003,2020-09-18,270,24390
nation,Scotland,S92000003,2020-09-17,265,24120
nation,Scotland,S92000003,2020-09-16,280,23855
nation,Scotland,S92000003,2020-09-15,238,23575
nation,Scotland,S92000003,2020-09-14,186,23337
nation,Scotland,S92000003,2020-09-13,178,23151
nation,Scotland,S92000003,2020-09-12,214,22973
nation,Scotland,S92000003,2020-09-11,216,22759
nation,Scotland,S92000003,2020-09-10,231,22543
nation,Scotland,S92000003,2020-09-09,223,22312
nation,Scotland,S92000003,2020-09-08,103,22089
nation,Scotland,S92000003,2020-09-07,167,21986
nation,Scotland,S92000003,2020-09-06,154,21819
nation,Scotland,S92000003,2020-09-05,137,21665
nation,Scotland,S92000003,2020-09-04,170,21528
nation,Scotland,S92000003,2020-09-03,201,21358
nation,Scotland,S92000003,2020-09-02,192,21157
nation,Scotland,S92000003,2020-09-01,199,20965
nation,Scotland,S92000003,2020-08-31,143,20766
nation,Scotland,S92000003,2020-08-30,102,20623
nation,Scotland,S92000003,2020-08-29,94,20521
nation,Scotland,S92000003,2020-08-28,105,20427
nation,Scotland,S92000003,2020-08-27,97,20322
nation,Scotland,S92000003,2020-08-26,98,20225
nation,Scotland,S92000003,2020-08-25,72,20127
nation,Scotland,S92000003,2020-08-24,59,20055
nation,Scotland,S92000003,2020-08-23,67,19996
nation,Scotland,S92000003,2020-08-22,51,19929
nation,Scotland,S92000003,2020-08-21,91,19878
nation,Scotland,S92000003,2020-08-20,141,19787
nation,Scotland,S92000003,2020-08-19,93,19646
nation,Scotland,S92000003,2020-08-18,78,19553
nation,Scotland,S92000003,2020-08-17,75,19475
nation,Scotland,S92000003,2020-08-16,33,19400
nation,Scotland,S92000003,2020-08-15,20,19367
nation,Scotland,S92000003,2020-08-14,50,19347
nation,Scotland,S92000003,2020-08-13,59,19297
nation,Scotland,S92000003,2020-08-12,49,19238
nation,Scotland,S92000003,2020-08-11,63,19189
nation,Scotland,S92000003,2020-08-10,59,19126
nation,Scotland,S92000003,2020-08-09,26,19067
nation,Scotland,S92000003,2020-08-08,27,19041
nation,Scotland,S92000003,2020-08-07,46,19014
nation,Scotland,S92000003,2020-08-06,65,18968
nation,Scotland,S92000003,2020-08-05,67,18903
nation,Scotland,S92000003,2020-08-04,58,18836
nation,Scotland,S92000003,2020-08-03,62,18778
nation,Scotland,S92000003,2020-08-02,19,18716
nation,Scotland,S92000003,2020-08-01,23,18697
nation,Scotland,S92000003,2020-07-31,21,18674
nation,Scotland,S92000003,2020-07-30,27,18653
nation,Scotland,S92000003,2020-07-29,28,18626
nation,Scotland,S92000003,2020-07-28,22,18598
nation,Scotland,S92000003,2020-07-27,13,18576
nation,Scotland,S92000003,2020-07-26,7,18563
nation,Scotland,S92000003,2020-07-25,3,18556
nation,Scotland,S92000003,2020-07-24,11,18553
nation,Scotland,S92000003,2020-07-23,23,18542
nation,Scotland,S92000003,2020-07-22,16,18519
nation,Scotland,S92000003,2020-07-21,19,18503
nation,Scotland,S92000003,2020-07-20,13,18484
nation,Scotland,S92000003,2020-07-19,17,18471
nation,Scotland,S92000003,2020-07-18,13,18454
nation,Scotland,S92000003,2020-07-17,8,18441
nation,Scotland,S92000003,2020-07-16,21,18433
nation,Scotland,S92000003,2020-07-15,16,18412
nation,Scotland,S92000003,2020-07-14,10,18396
nation,Scotland,S92000003,2020-07-13,17,18386
nation,Scotland,S92000003,2020-07-12,2,18369
nation,Scotland,S92000003,2020-07-11,9,18367
nation,Scotland,S92000003,2020-07-10,12,18358
nation,Scotland,S92000003,2020-07-09,8,18346
nation,Scotland,S92000003,2020-07-08,10,18338
nation,Scotland,S92000003,2020-07-07,11,18328
nation,Scotland,S92000003,2020-07-06,8,18317
nation,Scotland,S92000003,2020-07-05,2,18309
nation,Scotland,S92000003,2020-07-04,5,18307
nation,Scotland,S92000003,2020-07-03,6,18302
nation,Scotland,S92000003,2020-07-02,13,18296
nation,Scotland,S92000003,2020-07-01,11,18283
nation,Scotland,S92000003,2020-06-30,8,18272
nation,Scotland,S92000003,2020-06-29,14,18264
nation,Scotland,S92000003,2020-06-28,3,18250
nation,Scotland,S92000003,2020-06-27,4,18247
nation,Scotland,S92000003,2020-06-26,6,18243
nation,Scotland,S92000003,2020-06-25,19,18237
nation,Scotland,S92000003,2020-06-24,8,18218
nation,Scotland,S92000003,2020-06-23,20,18210
nation,Scotland,S92000003,2020-06-22,11,18190
nation,Scotland,S92000003,2020-06-21,9,18179
nation,Scotland,S92000003,2020-06-20,6,18170
nation,Scotland,S92000003,2020-06-19,23,18164
nation,Scotland,S92000003,2020-06-18,14,18141
nation,Scotland,S92000003,2020-06-17,33,18127
nation,Scotland,S92000003,2020-06-16,17,18094
nation,Scotland,S92000003,2020-06-15,21,18077
nation,Scotland,S92000003,2020-06-14,13,18056
nation,Scotland,S92000003,2020-06-13,23,18043
nation,Scotland,S92000003,2020-06-12,30,18020
nation,Scotland,S92000003,2020-06-11,21,17990
nation,Scotland,S92000003,2020-06-10,29,17969
nation,Scotland,S92000003,2020-06-09,27,17940
nation,Scotland,S92000003,2020-06-08,18,17913
nation,Scotland,S92000003,2020-06-07,17,17895
nation,Scotland,S92000003,2020-06-06,22,17878
nation,Scotland,S92000003,2020-06-05,24,17856
nation,Scotland,S92000003,2020-06-04,35,17832
nation,Scotland,S92000003,2020-06-03,35,17797
nation,Scotland,S92000003,2020-06-02,45,17762
nation,Scotland,S92000003,2020-06-01,38,17717
nation,Scotland,S92000003,2020-05-31,23,17679
nation,Scotland,S92000003,2020-05-30,40,17656
nation,Scotland,S92000003,2020-05-29,29,17616
nation,Scotland,S92000003,2020-05-28,55,17587
nation,Scotland,S92000003,2020-05-27,66,17532
nation,Scotland,S92000003,2020-05-26,77,17466
nation,Scotland,S92000003,2020-05-25,97,17389
nation,Scotland,S92000003,2020-05-24,54,17292
nation,Scotland,S92000003,2020-05-23,50,17238
nation,Scotland,S92000003,2020-05-22,92,17188
nation,Scotland,S92000003,2020-05-21,111,17096
nation,Scotland,S92000003,2020-05-20,121,16985
nation,Scotland,S92000003,2020-05-19,182,16864
nation,Scotland,S92000003,2020-05-18,140,16682
nation,Scotland,S92000003,2020-05-17,92,16542
nation,Scotland,S92000003,2020-05-16,103,16450
nation,Scotland,S92000003,2020-05-15,152,16347
nation,Scotland,S92000003,2020-05-14,212,16195
nation,Scotland,S92000003,2020-05-13,198,15983
nation,Scotland,S92000003,2020-05-12,231,15785
nation,Scotland,S92000003,2020-05-11,261,15554
nation,Scotland,S92000003,2020-05-10,150,15293
nation,Scotland,S92000003,2020-05-09,177,15143
nation,Scotland,S92000003,2020-05-08,254,14966
nation,Scotland,S92000003,2020-05-07,290,14712
nation,Scotland,S92000003,2020-05-06,306,14422
nation,Scotland,S92000003,2020-05-05,288,14116
nation,Scotland,S92000003,2020-05-04,329,13828
nation,Scotland,S92000003,2020-05-03,189,13499
nation,Scotland,S92000003,2020-05-02,217,13310
nation,Scotland,S92000003,2020-05-01,368,13093
nation,Scotland,S92000003,2020-04-30,335,12725
nation,Scotland,S92000003,2020-04-29,430,12390
nation,Scotland,S92000003,2020-04-28,380,11960
nation,Scotland,S92000003,2020-04-27,430,11580
nation,Scotland,S92000003,2020-04-26,172,11150
nation,Scotland,S92000003,2020-04-25,184,10978
nation,Scotland,S92000003,2020-04-24,305,10794
nation,Scotland,S92000003,2020-04-23,314,10489
nation,Scotland,S92000003,2020-04-22,340,10175
nation,Scotland,S92000003,2020-04-21,399,9835
nation,Scotland,S92000003,2020-04-20,776,9436
nation,Scotland,S92000003,2020-04-19,159,8660
nation,Scotland,S92000003,2020-04-18,264,8501
nation,Scotland,S92000003,2020-04-17,394,8237
nation,Scotland,S92000003,2020-04-16,428,7843
nation,Scotland,S92000003,2020-04-15,331,7415
nation,Scotland,S92000003,2020-04-14,346,7084
nation,Scotland,S92000003,2020-04-13,359,6738
nation,Scotland,S92000003,2020-04-12,220,6379
nation,Scotland,S92000003,2020-04-11,185,6159
nation,Scotland,S92000003,2020-04-10,329,5974
nation,Scotland,S92000003,2020-04-09,304,5645
nation,Scotland,S92000003,2020-04-08,343,5341
nation,Scotland,S92000003,2020-04-07,351,4998
nation,Scotland,S92000003,2020-04-06,404,4647
nation,Scotland,S92000003,2020-04-05,225,4243
nation,Scotland,S92000003,2020-04-04,260,4018
nation,Scotland,S92000003,2020-04-03,379,3758
nation,Scotland,S92000003,2020-04-02,355,3379
nation,Scotland,S92000003,2020-04-01,384,3024
nation,Scotland,S92000003,2020-03-31,340,2640
nation,Scotland,S92000003,2020-03-30,321,2300
nation,Scotland,S92000003,2020-03-29,197,1979
nation,Scotland,S92000003,2020-03-28,205,1782
nation,Scotland,S92000003,2020-03-27,274,1577
nation,Scotland,S92000003,2020-03-26,223,1303
nation,Scotland,S92000003,2020-03-25,187,1080
nation,Scotland,S92000003,2020-03-24,167,893
nation,Scotland,S92000003,2020-03-23,138,726
nation,Scotland,S92000003,2020-03-22,75,588
nation,Scotland,S92000003,2020-03-21,66,513
nation,Scotland,S92000003,2020-03-20,83,447
nation,Scotland,S92000003,2020-03-19,49,364
nation,Scotland,S92000003,2020-03-18,41,315
nation,Scotland,S92000003,2020-03-17,43,274
nation,Scotland,S92000003,2020-03-16,21,231
nation,Scotland,S92000003,2020-03-15,12,210
nation,Scotland,S92000003,2020-03-14,19,198
nation,Scotland,S92000003,2020-03-13,48,179
nation,Scotland,S92000003,2020-03-12,38,131
nation,Scotland,S92000003,2020-03-11,26,93
nation,Scotland,S92000003,2020-03-10,21,67
nation,Scotland,S92000003,2020-03-09,16,46
nation,Scotland,S92000003,2020-03-08,3,30
nation,Scotland,S92000003,2020-03-07,6,27
nation,Scotland,S92000003,2020-03-06,6,21
nation,Scotland,S92000003,2020-03-05,2,15
nation,Scotland,S92000003,2020-03-04,6,13
nation,Scotland,S92000003,2020-03-03,3,7
nation,Scotland,S92000003,2020-03-02,1,4
nation,Scotland,S92000003,2020-03-01,2,3
nation,Scotland,S92000003,2020-02-29,0,1
nation,Scotland,S92000003,2020-02-28,1,1
nation,Wales,W92000004,2020-10-22,7,40253
nation,Wales,W92000004,2020-10-21,59,40246
nation,Wales,W92000004,2020-10-20,347,40187
nation,Wales,W92000004,2020-10-19,1036,39840
nation,Wales,W92000004,2020-10-18,712,38804
nation,Wales,W92000004,2020-10-17,704,38092
nation,Wales,W92000004,2020-10-16,946,37388
nation,Wales,W92000004,2020-10-15,769,36442
nation,Wales,W92000004,2020-10-14,903,35673
nation,Wales,W92000004,2020-10-13,952,34770
nation,Wales,W92000004,2020-10-12,782,33818
nation,Wales,W92000004,2020-10-11,615,33036
nation,Wales,W92000004,2020-10-10,619,32421
nation,Wales,W92000004,2020-10-09,782,31802
nation,Wales,W92000004,2020-10-08,828,31020
nation,Wales,W92000004,2020-10-07,848,30192
nation,Wales,W92000004,2020-10-06,770,29344
nation,Wales,W92000004,2020-10-05,703,28574
nation,Wales,W92000004,2020-10-04,614,27871
nation,Wales,W92000004,2020-10-03,518,27257
nation,Wales,W92000004,2020-10-02,599,26739
nation,Wales,W92000004,2020-10-01,623,26140
nation,Wales,W92000004,2020-09-30,596,25517
nation,Wales,W92000004,2020-09-29,466,24921
nation,Wales,W92000004,2020-09-28,426,24455
nation,Wales,W92000004,2020-09-27,317,24029
nation,Wales,W92000004,2020-09-26,403,23712
nation,Wales,W92000004,2020-09-25,385,23309
nation,Wales,W92000004,2020-09-24,316,22924
nation,Wales,W92000004,2020-09-23,378,22608
nation,Wales,W92000004,2020-09-22,379,22230
nation,Wales,W92000004,2020-09-21,309,21851
nation,Wales,W92000004,2020-09-20,252,21542
nation,Wales,W92000004,2020-09-19,280,21290
nation,Wales,W92000004,2020-09-18,246,21010
nation,Wales,W92000004,2020-09-17,261,20764
nation,Wales,W92000004,2020-09-16,207,20503
nation,Wales,W92000004,2020-09-15,164,20296
nation,Wales,W92000004,2020-09-14,191,20132
nation,Wales,W92000004,2020-09-13,165,19941
nation,Wales,W92000004,2020-09-12,140,19776
nation,Wales,W92000004,2020-09-11,145,19636
nation,Wales,W92000004,2020-09-10,186,19491
nation,Wales,W92000004,2020-09-09,158,19305
nation,Wales,W92000004,2020-09-08,143,19147
nation,Wales,W92000004,2020-09-07,159,19004
nation,Wales,W92000004,2020-09-06,131,18845
nation,Wales,W92000004,2020-09-05,128,18714
nation,Wales,W92000004,2020-09-04,149,18586
nation,Wales,W92000004,2020-09-03,125,18437
nation,Wales,W92000004,2020-09-02,95,18312
nation,Wales,W92000004,2020-09-01,57,18217
nation,Wales,W92000004,2020-08-31,44,18160
nation,Wales,W92000004,2020-08-30,46,18116
nation,Wales,W92000004,2020-08-29,44,18070
nation,Wales,W92000004,2020-08-28,52,18026
nation,Wales,W92000004,2020-08-27,50,17974
nation,Wales,W92000004,2020-08-26,44,17924
nation,Wales,W92000004,2020-08-25,50,17880
nation,Wales,W92000004,2020-08-24,36,17830
nation,Wales,W92000004,2020-08-23,11,17794
nation,Wales,W92000004,2020-08-22,19,17783
nation,Wales,W92000004,2020-08-21,23,17764
nation,Wales,W92000004,2020-08-20,31,17741
nation,Wales,W92000004,2020-08-19,35,17710
nation,Wales,W92000004,2020-08-18,38,17675
nation,Wales,W92000004,2020-08-17,19,17637
nation,Wales,W92000004,2020-08-16,18,17618
nation,Wales,W92000004,2020-08-15,10,17600
nation,Wales,W92000004,2020-08-14,17,17590
nation,Wales,W92000004,2020-08-13,17,17573
nation,Wales,W92000004,2020-08-12,24,17556
nation,Wales,W92000004,2020-08-11,27,17532
nation,Wales,W92000004,2020-08-10,19,17505
nation,Wales,W92000004,2020-08-09,8,17486
nation,Wales,W92000004,2020-08-08,5,17478
nation,Wales,W92000004,2020-08-07,15,17473
nation,Wales,W92000004,2020-08-06,22,17458
nation,Wales,W92000004,2020-08-05,22,17436
nation,Wales,W92000004,2020-08-04,24,17414
nation,Wales,W92000004,2020-08-03,22,17390
nation,Wales,W92000004,2020-08-02,14,17368
nation,Wales,W92000004,2020-08-01,16,17354
nation,Wales,W92000004,2020-07-31,16,17338
nation,Wales,W92000004,2020-07-30,30,17322
nation,Wales,W92000004,2020-07-29,27,17292
nation,Wales,W92000004,2020-07-28,27,17265
nation,Wales,W92000004,2020-07-27,23,17238
nation,Wales,W92000004,2020-07-26,35,17215
nation,Wales,W92000004,2020-07-25,24,17180
nation,Wales,W92000004,2020-07-24,30,17156
nation,Wales,W92000004,2020-07-23,31,17126
nation,Wales,W92000004,2020-07-22,25,17095
nation,Wales,W92000004,2020-07-21,61,17070
nation,Wales,W92000004,2020-07-20,43,17009
nation,Wales,W92000004,2020-07-19,10,16966
nation,Wales,W92000004,2020-07-18,11,16956
nation,Wales,W92000004,2020-07-17,17,16945
nation,Wales,W92000004,2020-07-16,25,16928
nation,Wales,W92000004,2020-07-15,18,16903
nation,Wales,W92000004,2020-07-14,23,16885
nation,Wales,W92000004,2020-07-13,24,16862
nation,Wales,W92000004,2020-07-12,10,16838
nation,Wales,W92000004,2020-07-11,12,16828
nation,Wales,W92000004,2020-07-10,29,16816
nation,Wales,W92000004,2020-07-09,22,16787
nation,Wales,W92000004,2020-07-08,14,16765
nation,Wales,W92000004,2020-07-07,28,16751
nation,Wales,W92000004,2020-07-06,35,16723
nation,Wales,W92000004,2020-07-05,12,16688
nation,Wales,W92000004,2020-07-04,9,16676
nation,Wales,W92000004,2020-07-03,19,16667
nation,Wales,W92000004,2020-07-02,28,16648
nation,Wales,W92000004,2020-07-01,27,16620
nation,Wales,W92000004,2020-06-30,35,16593
nation,Wales,W92000004,2020-06-29,43,16558
nation,Wales,W92000004,2020-06-28,28,16515
nation,Wales,W92000004,2020-06-27,140,16487
nation,Wales,W92000004,2020-06-26,19,16347
nation,Wales,W92000004,2020-06-25,60,16328
nation,Wales,W92000004,2020-06-24,37,16268
nation,Wales,W92000004,2020-06-23,131,16231
nation,Wales,W92000004,2020-06-22,66,16100
nation,Wales,W92000004,2020-06-21,76,16034
nation,Wales,W92000004,2020-06-20,47,15958
nation,Wales,W92000004,2020-06-19,140,15911
nation,Wales,W92000004,2020-06-18,62,15771
nation,Wales,W92000004,2020-06-17,64,15709
nation,Wales,W92000004,2020-06-16,82,15645
nation,Wales,W92000004,2020-06-15,66,15563
nation,Wales,W92000004,2020-06-14,54,15497
nation,Wales,W92000004,2020-06-13,70,15443
nation,Wales,W92000004,2020-06-12,75,15373
nation,Wales,W92000004,2020-06-11,66,15298
nation,Wales,W92000004,2020-06-10,67,15232
nation,Wales,W92000004,2020-06-09,62,15165
nation,Wales,W92000004,2020-06-08,74,15103
nation,Wales,W92000004,2020-06-07,34,15029
nation,Wales,W92000004,2020-06-06,53,14995
nation,Wales,W92000004,2020-06-05,55,14942
nation,Wales,W92000004,2020-06-04,60,14887
nation,Wales,W92000004,2020-06-03,75,14827
nation,Wales,W92000004,2020-06-02,73,14752
nation,Wales,W92000004,2020-06-01,64,14679
nation,Wales,W92000004,2020-05-31,46,14615
nation,Wales,W92000004,2020-05-30,70,14569
nation,Wales,W92000004,2020-05-29,106,14499
nation,Wales,W92000004,2020-05-28,102,14393
nation,Wales,W92000004,2020-05-27,118,14291
nation,Wales,W92000004,2020-05-26,102,14173
nation,Wales,W92000004,2020-05-25,105,14071
nation,Wales,W92000004,2020-05-24,82,13966
nation,Wales,W92000004,2020-05-23,123,13884
nation,Wales,W92000004,2020-05-22,137,13761
nation,Wales,W92000004,2020-05-21,132,13624
nation,Wales,W92000004,2020-05-20,166,13492
nation,Wales,W92000004,2020-05-19,213,13326
nation,Wales,W92000004,2020-05-18,168,13113
nation,Wales,W92000004,2020-05-17,118,12945
nation,Wales,W92000004,2020-05-16,166,12827
nation,Wales,W92000004,2020-05-15,179,12661
nation,Wales,W92000004,2020-05-14,132,12482
nation,Wales,W92000004,2020-05-13,153,12350
nation,Wales,W92000004,2020-05-12,150,12197
nation,Wales,W92000004,2020-05-11,178,12047
nation,Wales,W92000004,2020-05-10,107,11869
nation,Wales,W92000004,2020-05-09,136,11762
nation,Wales,W92000004,2020-05-08,115,11626
nation,Wales,W92000004,2020-05-07,176,11511
nation,Wales,W92000004,2020-05-06,171,11335
nation,Wales,W92000004,2020-05-05,175,11164
nation,Wales,W92000004,2020-05-04,139,10989
nation,Wales,W92000004,2020-05-03,105,10850
nation,Wales,W92000004,2020-05-02,179,10745
nation,Wales,W92000004,2020-05-01,176,10566
nation,Wales,W92000004,2020-04-30,200,10390
nation,Wales,W92000004,2020-04-29,176,10190
nation,Wales,W92000004,2020-04-28,153,10014
nation,Wales,W92000004,2020-04-27,172,9861
nation,Wales,W92000004,2020-04-26,121,9689
nation,Wales,W92000004,2020-04-25,136,9568
nation,Wales,W92000004,2020-04-24,213,9432
nation,Wales,W92000004,2020-04-23,201,9219
nation,Wales,W92000004,2020-04-22,253,9018
nation,Wales,W92000004,2020-04-21,259,8765
nation,Wales,W92000004,2020-04-20,281,8506
nation,Wales,W92000004,2020-04-19,181,8225
nation,Wales,W92000004,2020-04-18,247,8044
nation,Wales,W92000004,2020-04-17,324,7797
nation,Wales,W92000004,2020-04-16,363,7473
nation,Wales,W92000004,2020-04-15,361,7110
nation,Wales,W92000004,2020-04-14,317,6749
nation,Wales,W92000004,2020-04-13,273,6432
nation,Wales,W92000004,2020-04-12,247,6159
nation,Wales,W92000004,2020-04-11,247,5912
nation,Wales,W92000004,2020-04-10,308,5665
nation,Wales,W92000004,2020-04-09,391,5357
nation,Wales,W92000004,2020-04-08,386,4966
nation,Wales,W92000004,2020-04-07,386,4580
nation,Wales,W92000004,2020-04-06,383,4194
nation,Wales,W92000004,2020-04-05,223,3811
nation,Wales,W92000004,2020-04-04,282,3588
nation,Wales,W92000004,2020-04-03,330,3306
nation,Wales,W92000004,2020-04-02,336,2976
nation,Wales,W92000004,2020-04-01,327,2640
nation,Wales,W92000004,2020-03-31,277,2313
nation,Wales,W92000004,2020-03-30,343,2036
nation,Wales,W92000004,2020-03-29,159,1693
nation,Wales,W92000004,2020-03-28,167,1534
nation,Wales,W92000004,2020-03-27,193,1367
nation,Wales,W92000004,2020-03-26,177,1174
nation,Wales,W92000004,2020-03-25,190,997
nation,Wales,W92000004,2020-03-24,141,807
nation,Wales,W92000004,2020-03-23,133,666
nation,Wales,W92000004,2020-03-22,76,533
nation,Wales,W92000004,2020-03-21,75,457
nation,Wales,W92000004,2020-03-20,73,382
nation,Wales,W92000004,2020-03-19,60,309
nation,Wales,W92000004,2020-03-18,36,249
nation,Wales,W92000004,2020-03-17,37,213
nation,Wales,W92000004,2020-03-16,37,176
nation,Wales,W92000004,2020-03-15,32,139
nation,Wales,W92000004,2020-03-14,19,107
nation,Wales,W92000004,2020-03-13,28,88
nation,Wales,W92000004,2020-03-12,25,60
nation,Wales,W92000004,2020-03-11,15,35
nation,Wales,W92000004,2020-03-10,12,20
nation,Wales,W92000004,2020-03-09,3,8
nation,Wales,W92000004,2020-03-08,1,5
nation,Wales,W92000004,2020-03-07,2,4
nation,Wales,W92000004,2020-03-06,0,2
nation,Wales,W92000004,2020-03-05,0,2
nation,Wales,W92000004,2020-03-04,1,2
nation,Wales,W92000004,2020-03-03,0,1
nation,Wales,W92000004,2020-03-02,0,1
nation,Wales,W92000004,2020-03-01,0,1
nation,Wales,W92000004,2020-02-29,0,1
nation,Wales,W92000004,2020-02-28,0,1
nation,Wales,W92000004,2020-02-27,1,1
